INSERT INTO contract (contract_id, transfer_price, season, player_id, team_id, team_commission, total_amount) VALUES (4, 150, 1999, 1, 1, 120000, 1320000);
INSERT INTO contract (contract_id, transfer_price, season, player_id, team_id, team_commission, total_amount) VALUES (5, 225, 2010, 2, 2, 120000, 1320000);
INSERT INTO contract (contract_id, transfer_price, season, player_id, team_id, team_commission, total_amount) VALUES (6, 350, 2009, 1, 2, 120000, 1320000);
INSERT INTO contract (contract_id, transfer_price, season, player_id, team_id, team_commission, total_amount) VALUES (7, 100, 1999, 5, 1, 120000, 1320000);
INSERT INTO contract (contract_id, transfer_price, season, player_id, team_id, team_commission, total_amount) VALUES (8, 0, 1999, 7, 3, 0, 0);
INSERT INTO contract (contract_id, transfer_price, season, player_id, team_id, team_commission, total_amount) VALUES (9, 1200000, 1999, 7, 3, 120000, 1320000);
INSERT INTO contract (contract_id, transfer_price, season, player_id, team_id, team_commission, total_amount) VALUES (10, 1200000, 1999, 7, 3, 120000, 1320000);
INSERT INTO contract (contract_id, transfer_price, season, player_id, team_id, team_commission, total_amount) VALUES (11, 1200000, 1999, 7, 3, 120000, 1320000);
INSERT INTO contract (contract_id, transfer_price, season, player_id, team_id, team_commission, total_amount) VALUES (12, 1200000, 1999, 7, 2, 120000, 1320000);
INSERT INTO contract (contract_id, transfer_price, season, player_id, team_id, team_commission, total_amount) VALUES (13, 1200000, 1999, 7, 2, 120000, 1320000);

INSERT INTO player (birthdate, career_start_date, player_id, name) VALUES ('2019-06-15', '1999-06-15', 1, 'Santorini');
INSERT INTO player (birthdate, career_start_date, player_id, name) VALUES ('1999-06-15', '1999-06-15', 2, 'Roberto');
INSERT INTO player (birthdate, career_start_date, player_id, name) VALUES ('1999-06-15', '1999-06-15', 3, 'James');
INSERT INTO player (birthdate, career_start_date, player_id, name) VALUES ('1999-06-15', '1999-06-15', 4, 'Johnson');
INSERT INTO player (birthdate, career_start_date, player_id, name) VALUES ('1999-06-15', '1999-06-15', 5, 'Jackson');
INSERT INTO player (birthdate, career_start_date, player_id, name) VALUES ('1999-06-15', '1999-06-15', 6, 'Ferdinand');
INSERT INTO player (birthdate, career_start_date, player_id, name) VALUES ('1999-06-15', '1999-06-15', 7, 'Johannson');
INSERT INTO player (birthdate, career_start_date, player_id, name) VALUES ('1999-06-15', '1999-06-15', 8, 'Maldonado');
INSERT INTO player (birthdate, career_start_date, player_id, name) VALUES ('1999-06-15', '1999-06-15', 9, 'Carlos');

INSERT INTO team (team_id, currency, name) VALUES (2, 'EUR', 'Besiktas');
INSERT INTO team (team_id, currency, name) VALUES (3, 'USD', 'Fenerbahce');
INSERT INTO team (team_id, currency, name) VALUES (1, 'JPY', 'Galatasaray');
